0,1h,exact_4D,435,28.04597701149425,1.354025574030712,0.690067433225142,0.3593170874368586,1.1575570777608473,2.16491652916789
1,1h,no_momentum,490,27.95918367346939,1.2405278259629968,0.4610033287202248,0.1836707936843176,0.9863541654044384,2.529358632598103
2,1h,no_persistence,522,28.544061302682,1.2227082404211236,0.4298706977729274,0.2820633579619955,0.9820797520373772,2.356051289575759
3,1h,no_trend,868,33.87096774193548,1.1081520264106564,0.1910568838080737,0.0886746393107781,0.9064827969804604,1.8219507978316272
4,1h,no_volatility,498,27.10843373493976,1.403922810442076,0.7230937613375398,0.3377308642968945,1.2276138967922503,2.095823448755472
5,1h,no_volume,452,28.31858407079646,1.327282434214833,0.6269414593630165,0.2709327050056366,1.119940934167008,2.1825091507071748
6,1h,three_of_four,968,31.818181818181817,1.0578379085759866,0.0981285338729266,0.0377594240875555,0.8504360788250379,1.813249291415906
7,4h,exact_4D,110,22.727272727272727,0.8414042086572656,-0.6470204624491461,0.1213869795476092,1.086763369247205,0.10704253043893
8,4h,no_momentum,120,28.33333333333333,0.8466410832189533,-0.6202260055980054,0.1829773312340768,1.1238173255729962,0.0570054016664319
9,4h,no_persistence,126,25.396825396825395,0.8681685420602493,-0.5143955979361778,0.186973447790264,1.0709632979086816,0.1930259248057668
10,4h,no_trend,227,36.56387665198238,1.4083168845367924,1.3215204968712553,0.2619350886235811,1.0662835361588197,2.512125771626177
11,4h,no_volatility,122,27.049180327868854,0.9175125738890928,-0.3054855936189476,0.192097746032501,1.1405825682556776,0.1864896867125363
12,4h,no_volume,115,23.47826086956522,0.7852665391773296,-0.8711548601692095,0.1214908934621582,1.0004932028574902,0.10704253043893
13,4h,three_of_four,246,36.58536585365854,1.6538323558738386,1.8970088357210404,0.4211648723663202,1.328452225395627,2.700699541728914
